City_ID,City,Country,Date,Lat,Lng,Max Temp,Humidity,Cloudiness,Wind Speed
0,Port Alfred,ZA,2022-01-04 23:51:42,-33.5906,26.891,70.74,88,43,3.38
1,Bluff,NZ,2022-01-04 23:51:42,-46.6,168.3333,55.8,81,98,8.14
2,Mataura,NZ,2022-01-04 23:51:43,-46.1927,168.8643,55.47,97,96,5.32
3,Ucluelet,CA,2022-01-04 23:51:43,48.9329,-125.5528,38.08,92,99,6.98
4,Guerrero Negro,MX,2022-01-04 23:51:29,27.9769,-114.0611,61.72,66,34,13.53
5,Punta Arenas,CL,2022-01-04 23:51:44,-53.15,-70.9167,48.31,57,0,14.97
6,Rawson,AR,2022-01-04 23:50:51,-43.3002,-65.1023,61.9,52,6,17.13
7,Amberley,US,2022-01-04 23:51:44,39.2048,-84.428,41.05,64,1,3.0
8,Busselton,AU,2022-01-04 23:51:44,-33.65,115.3333,70.05,59,0,14.05
9,Lichinga,MZ,2022-01-04 23:51:45,-13.3128,35.2406,62.65,92,100,1.9
10,Tasiilaq,GL,2022-01-04 23:51:45,65.6145,-37.6368,28.13,92,100,36.28
11,Silvia,CO,2022-01-04 23:51:45,2.611,-76.3785,54.14,99,92,0.31
12,Vaini,TO,2022-01-04 23:51:46,-21.2,-175.2,82.56,89,90,14.97
13,Tabou,CI,2022-01-04 23:51:46,4.423,-7.3528,78.71,81,21,5.48
14,Nome,US,2022-01-04 23:48:58,64.5011,-165.4064,14.07,37,1,6.91
15,Butaritari,KI,2022-01-04 23:51:46,3.0707,172.7902,82.8,59,100,8.3
16,Hobyo,SO,2022-01-04 23:51:47,5.3505,48.5268,78.12,82,95,12.71
17,Adrar,MR,2022-01-04 23:51:47,20.5022,-10.0711,60.98,25,65,9.78
18,Chapais,CA,2022-01-04 23:51:48,49.7834,-74.8492,1.18,99,100,1.12
19,Yellowknife,CA,2022-01-04 23:48:39,62.456,-114.3525,-21.59,92,75,6.91
20,Antofagasta,CL,2022-01-04 23:51:48,-23.65,-70.4,67.28,75,1,3.4
21,Cape Town,ZA,2022-01-04 23:51:48,-33.9258,18.4232,62.28,81,20,5.75
22,Nanortalik,GL,2022-01-04 23:51:49,60.1432,-45.2371,28.81,95,97,32.5
23,Georgetown,MY,2022-01-04 23:51:49,5.4112,100.3354,78.89,84,20,0.0
24,Northam,GB,2022-01-04 23:51:49,51.0333,-4.2167,42.62,66,94,21.25
25,Nuuk,GL,2022-01-04 23:51:50,64.1835,-51.7216,31.64,76,100,9.53
26,Cayenne,GF,2022-01-04 23:51:50,4.9333,-52.3333,77.09,84,90,1.01
27,Balkanabat,TM,2022-01-04 23:51:50,39.5108,54.3671,46.89,51,100,5.68
28,Pangnirtung,CA,2022-01-04 23:51:51,66.1451,-65.7125,14.0,67,90,9.22
29,Pisco,PE,2022-01-04 23:51:51,-13.7,-76.2167,73.45,73,0,19.57
30,Lukovetskiy,RU,2022-01-04 23:51:51,64.2956,41.9211,-16.62,99,70,3.47
31,Huaura,PE,2022-01-04 23:51:52,-11.07,-77.5994,71.22,80,78,9.26
32,Rikitea,PF,2022-01-04 23:51:52,-23.1203,-134.9692,73.27,77,100,10.63
33,Kurilsk,RU,2022-01-04 23:51:52,45.2333,147.8833,27.91,93,99,26.08
34,Porto Novo,BJ,2022-01-04 23:51:53,6.4965,2.6036,80.42,76,95,5.44
35,Avarua,CK,2022-01-04 23:51:53,-21.2078,-159.775,82.45,83,75,18.41
36,Kavieng,PG,2022-01-04 23:51:53,-2.5744,150.7967,83.34,73,88,9.15
37,Abu Zabad,SD,2022-01-04 23:51:54,12.35,29.25,61.75,24,68,11.9
38,Kapaa,US,2022-01-04 23:51:54,22.0752,-159.319,82.47,68,1,3.0
39,Chokurdakh,RU,2022-01-04 23:51:54,70.6333,147.9167,-25.29,92,99,5.23
40,Khovu-Aksy,RU,2022-01-04 23:51:55,51.1333,93.6,-6.32,83,49,5.73
41,Prince Rupert,CA,2022-01-04 23:51:55,54.3161,-130.3201,22.69,44,1,5.75
42,Camacha,PT,2022-01-04 23:51:55,33.0833,-16.3333,58.42,63,20,8.05
43,Arraial Do Cabo,BR,2022-01-04 23:49:23,-22.9661,-42.0278,78.66,73,75,5.75
44,Atuona,PF,2022-01-04 23:51:56,-9.8,-139.0333,78.78,76,9,17.6
45,Saint Anthony,US,2022-01-04 23:51:57,45.0205,-93.218,32.95,77,90,1.01
46,Ossora,RU,2022-01-04 23:51:57,59.2353,163.0719,30.74,88,100,24.74
47,Kupang,ID,2022-01-04 23:51:58,-10.1667,123.5833,79.38,100,75,4.61
48,Voznesenye,RU,2022-01-04 23:51:58,61.0106,35.4781,17.13,94,100,10.67
49,Tiksi,RU,2022-01-04 23:51:59,71.6872,128.8694,-37.66,97,62,6.98
50,Lompoc,US,2022-01-04 23:51:57,34.6391,-120.4579,66.11,77,1,14.97
51,Hobart,AU,2022-01-04 23:50:22,-42.8794,147.3294,61.27,84,75,1.01
52,Upernavik,GL,2022-01-04 23:51:59,72.7868,-56.1549,2.28,100,100,15.86
53,Jalu,LY,2022-01-04 23:52:00,29.0331,21.5482,55.0,67,0,6.42
54,Xinxiang,CN,2022-01-04 23:52:00,35.3089,113.8672,30.78,90,96,3.49
55,Ovalle,CL,2022-01-04 23:49:12,-30.5983,-71.2003,75.65,48,0,5.3
56,Biltine,TD,2022-01-04 23:52:00,14.5333,20.9167,64.98,26,79,11.99
57,Mehamn,NO,2022-01-04 23:52:01,71.0357,27.8492,17.01,90,100,22.06
58,Mahebourg,MU,2022-01-04 23:52:01,-20.4081,57.7,78.26,88,40,5.75
59,Te Anau,NZ,2022-01-04 23:52:01,-45.4167,167.7167,70.2,58,34,4.9
60,Bossangoa,CF,2022-01-04 23:52:02,6.4926,17.4552,72.0,32,62,4.63
61,Mana,GF,2022-01-04 23:52:02,5.6592,-53.7767,75.74,87,76,7.81
62,Torrington,US,2022-01-04 23:52:02,41.8007,-73.1212,29.28,70,2,5.19
63,Macusani,PE,2022-01-04 23:52:03,-14.0833,-70.4333,36.97,99,100,3.78
64,Yar-Sale,RU,2022-01-04 23:52:03,66.8333,70.8333,-11.42,94,100,20.13
65,Belaya Gora,RU,2022-01-04 23:52:03,68.5333,146.4167,-33.52,99,100,2.17
66,Puerto Ayora,EC,2022-01-04 23:52:04,-0.7393,-90.3518,71.47,83,78,6.85
67,Vestmannaeyjar,IS,2022-01-04 23:52:04,63.4427,-20.2734,35.82,78,100,25.77
68,Sao Filipe,CV,2022-01-04 23:52:04,14.8961,-24.4956,73.81,64,93,5.48
69,Thompson,CA,2022-01-04 23:52:05,55.7435,-97.8558,-20.04,76,90,5.75
70,Tyumentsevo,RU,2022-01-04 23:52:05,53.3224,81.498,20.25,94,100,10.16
71,Oriximina,BR,2022-01-04 23:47:19,-1.7656,-55.8661,74.66,91,78,1.99
72,Kodiak,US,2022-01-04 23:52:06,57.79,-152.4072,35.11,75,90,13.8
73,Klaksvik,FO,2022-01-04 23:52:06,62.2266,-6.589,34.72,69,94,35.3
74,Baherden,TM,2022-01-04 23:52:06,38.4362,57.4316,45.16,68,100,4.0
75,Tateyama,JP,2022-01-04 23:52:06,34.9833,139.8667,43.07,33,20,20.71
76,Hargeysa,SO,2022-01-04 23:52:07,9.56,44.065,61.75,96,68,11.68
77,Melito Di Porto Salvo,IT,2022-01-04 23:52:07,37.9222,15.7714,59.31,76,0,4.61
78,Paka,MY,2022-01-04 23:52:07,4.6374,103.4368,75.13,94,40,3.44
79,Odweyne,SO,2022-01-04 23:52:08,9.4092,45.064,66.96,79,6,4.72
80,Lebu,CL,2022-01-04 23:52:08,-37.6167,-73.65,56.98,79,12,19.15
81,Mudon,MM,2022-01-04 23:52:08,16.2578,97.7164,68.43,81,70,2.98
82,Aras,ES,2022-01-04 23:52:09,42.5617,-2.356,42.06,81,90,14.97
83,Solnechnyy,RU,2022-01-04 23:52:09,50.7214,136.6319,-17.77,94,27,3.69
84,Vao,NC,2022-01-04 23:52:09,-22.6667,167.4833,78.33,79,97,18.23
85,Quatre Cocos,MU,2022-01-04 23:52:10,-20.2078,57.7625,78.1,82,56,10.09
86,Albany,US,2022-01-04 23:52:10,42.6001,-73.9662,30.61,70,8,4.34
87,Miyazu,JP,2022-01-04 23:52:11,35.5333,135.1833,35.8,79,100,9.6
88,Bathsheba,BB,2022-01-04 23:52:11,13.2167,-59.5167,75.81,78,75,20.71
89,Hermanus,ZA,2022-01-04 23:52:11,-34.4187,19.2345,54.81,85,1,8.55
90,Chuy,UY,2022-01-04 23:52:11,-33.6971,-53.4616,67.46,89,100,5.37
91,Castro,BR,2022-01-04 23:52:13,-24.7911,-50.0119,65.68,97,100,0.92
92,Port Moresby,PG,2022-01-04 23:52:13,-9.4431,147.1797,85.42,66,40,17.27
93,Faanui,PF,2022-01-04 23:52:13,-16.4833,-151.75,80.33,72,12,1.77
94,Jamestown,US,2022-01-04 23:50:07,42.097,-79.2353,34.92,46,1,10.0
95,Mayo,US,2022-01-04 23:52:14,38.8876,-76.5119,32.07,89,29,9.75
96,Eltham,NZ,2022-01-04 23:52:14,-39.4292,174.3,78.19,68,96,3.89
97,Kirakira,SB,2022-01-04 23:52:15,-10.4544,161.9205,85.33,70,23,9.66
98,Saverne,FR,2022-01-04 23:52:15,48.8333,7.25,43.2,91,100,13.47
99,Port-Gentil,GA,2022-01-04 23:52:15,-0.7193,8.7815,78.76,94,40,5.75
100,Caxito,AO,2022-01-04 23:52:15,-8.5785,13.6643,75.85,94,95,1.88
101,Salina Cruz,MX,2022-01-04 23:52:16,16.1667,-95.2,78.51,58,7,21.34
102,Huanren,CN,2022-01-04 23:52:16,41.2647,125.3667,4.21,84,5,1.14
103,Shangqiu,CN,2022-01-04 23:52:16,34.45,115.65,35.29,99,100,7.72
104,Kachug,RU,2022-01-04 23:52:17,53.9606,105.8817,-3.77,100,100,0.87
105,Manta,EC,2022-01-04 23:52:03,-0.95,-80.7333,80.38,74,20,10.36
106,Luanda,AO,2022-01-04 23:52:17,-8.8368,13.2343,75.2,83,75,4.61
107,Airai,TL,2022-01-04 23:52:17,-8.9266,125.4092,65.01,88,100,2.48
108,Lata,PT,2022-01-04 23:52:18,40.1629,-8.3327,53.82,94,46,2.13
109,Pevek,RU,2022-01-04 23:52:18,69.7008,170.3133,14.74,85,89,8.93
110,Sanmenxia,CN,2022-01-04 23:52:19,34.7747,111.1814,30.31,87,89,6.08
111,Sambava,MG,2022-01-04 23:52:19,-14.2667,50.1667,76.5,91,33,5.61
112,Beroroha,MG,2022-01-04 23:52:19,-21.6667,45.1667,75.29,72,38,2.98
113,Bonfim,BR,2022-01-04 23:52:20,3.0833,-59.95,81.39,55,83,10.38
114,Buala,SB,2022-01-04 23:52:20,-8.145,159.5921,84.9,71,62,8.19
115,Huilong,CN,2022-01-04 23:52:20,31.8111,121.655,53.04,86,100,23.22
116,Fortuna,US,2022-01-04 23:52:21,40.5982,-124.1573,51.66,96,90,5.01
117,Correntina,BR,2022-01-04 23:52:21,-13.3433,-44.6367,69.91,97,100,3.78
118,Cocobeach,GA,2022-01-04 23:52:21,1.0002,9.5823,79.5,84,90,4.41
119,Geraldton,AU,2022-01-04 23:52:22,-28.7667,114.6,81.12,65,0,8.05
120,Shebunino,RU,2022-01-04 23:52:22,46.4339,141.8603,20.82,72,100,25.79
121,Yerbogachen,RU,2022-01-04 23:52:22,61.2767,108.0108,-3.75,98,100,5.03
122,Barrow,US,2022-01-04 23:49:26,71.2906,-156.7887,8.62,72,90,14.97
123,Ushuaia,AR,2022-01-04 23:48:38,-54.8,-68.3,46.02,61,75,21.85
124,Alofi,NU,2022-01-04 23:52:23,-19.0595,-169.9187,85.89,70,98,9.22
125,Hilo,US,2022-01-04 23:51:57,19.7297,-155.09,82.13,67,1,9.22
126,Lasa,IT,2022-01-04 23:52:23,46.6166,10.7002,45.34,99,99,5.1
127,Broome,US,2022-01-04 23:52:24,42.2506,-75.833,32.02,72,1,4.0
128,Laguna,US,2022-01-04 23:52:24,38.421,-121.4238,61.05,80,90,1.99
129,Ozernovskiy,RU,2022-01-04 23:52:24,51.5,156.5167,26.94,76,72,9.78
130,Archidona,ES,2022-01-04 23:52:25,37.0965,-4.3887,50.36,89,75,7.49
131,Port Said,EG,2022-01-04 23:52:25,31.2565,32.2841,58.98,82,20,5.75
132,Mount Isa,AU,2022-01-04 23:52:25,-20.7333,139.5,92.97,10,1,17.27
133,Maicao,CO,2022-01-04 23:52:26,11.3832,-72.2432,77.86,71,30,14.76
134,Shamary,RU,2022-01-04 23:52:26,57.3434,58.2199,-3.28,97,100,8.12
135,Seymchan,RU,2022-01-04 23:52:27,62.8833,152.4333,-4.22,99,100,10.22
136,Saskylakh,RU,2022-01-04 23:52:28,71.9167,114.0833,-42.43,96,30,10.04
137,Qaanaaq,GL,2022-01-04 23:52:28,77.484,-69.3632,-6.0,60,3,8.05
138,Paamiut,GL,2022-01-04 23:52:28,61.994,-49.6678,27.55,96,100,23.49
139,Polyarnyy,RU,2022-01-04 23:52:29,69.1989,33.4478,-1.53,87,100,10.8
140,Delmas,HT,2022-01-04 23:52:29,18.5447,-72.3028,71.38,80,27,1.86
141,Bardiyah,LY,2022-01-04 23:52:29,31.7561,25.0865,56.98,73,0,11.86
142,Ayan,RU,2022-01-04 23:52:30,56.45,138.1667,-9.47,81,1,6.89
143,Victoria,HK,2022-01-04 23:49:32,22.2855,114.1577,67.95,82,100,1.01
144,Ribeira Grande,PT,2022-01-04 23:52:30,38.5167,-28.7,59.99,71,91,14.56
145,Port Hedland,AU,2022-01-04 23:52:30,-20.3167,118.5667,89.65,74,45,12.66
146,Mazagao,BR,2022-01-04 23:52:31,-0.115,-51.2894,78.85,97,86,2.98
147,Ponta Do Sol,PT,2022-01-04 23:52:31,32.6667,-17.1,62.71,65,32,8.34
148,Maues,BR,2022-01-04 23:50:39,-3.3836,-57.7186,73.63,98,90,2.33
149,Jaroslaw,PL,2022-01-04 23:52:31,50.0162,22.6778,50.81,76,100,20.8
150,Killarney,IE,2022-01-04 23:52:32,52.05,-9.5167,35.31,73,91,2.86
151,Lagoa,PT,2022-01-04 23:52:32,39.05,-27.9833,58.91,65,70,5.23
152,Dandong,CN,2022-01-04 23:52:32,40.1292,124.3947,13.91,50,60,4.07
153,Shakhty,RU,2022-01-04 23:52:33,47.7091,40.2144,33.66,95,58,3.42
154,Bredasdorp,ZA,2022-01-04 23:52:33,-34.5322,20.0403,60.12,72,8,5.75
155,Ahipara,NZ,2022-01-04 23:52:33,-35.1667,173.1667,75.9,57,63,10.83
156,Bongandanga,CD,2022-01-04 23:52:34,1.5,21.05,70.0,87,88,3.13
157,Qaqortoq,GL,2022-01-04 23:52:34,60.7167,-46.0333,28.54,96,100,29.66
158,Bandarbeyla,SO,2022-01-04 23:52:34,9.4942,50.8122,76.46,81,99,13.2
159,Eyl,SO,2022-01-04 23:52:35,7.9803,49.8164,75.36,86,83,9.51
160,Mandera,KE,2022-01-04 23:52:35,3.9366,41.867,81.82,45,98,12.21
161,Aljezur,PT,2022-01-04 23:52:35,37.3191,-8.8033,53.38,80,63,15.1
162,Saint-Philippe,RE,2022-01-04 23:52:36,-21.3585,55.7679,74.79,79,46,9.31
163,Kisangani,CD,2022-01-04 23:52:36,0.5167,25.2,68.74,94,100,2.24
164,Khasan,RU,2022-01-04 23:52:36,42.4308,130.6434,10.54,63,1,8.66
165,Norman Wells,CA,2022-01-04 23:52:28,65.282,-126.8329,-39.96,67,40,0.0
166,Isangel,VU,2022-01-04 23:52:37,-19.55,169.2667,84.31,84,75,4.61
167,Verkhnyaya Toyma,RU,2022-01-04 23:52:37,62.2349,44.9985,-28.84,100,58,2.68
168,Rolla,US,2022-01-04 23:52:37,37.9514,-91.7713,42.94,45,1,10.0
169,San Andres,CO,2022-01-04 23:52:38,12.5847,-81.7006,82.42,69,20,12.66
170,East London,ZA,2022-01-04 23:49:06,-33.0153,27.9116,71.11,93,52,3.38
171,Tuatapere,NZ,2022-01-04 23:52:38,-46.1333,167.6833,55.81,87,95,7.09
172,Kaitangata,NZ,2022-01-04 23:52:39,-46.2817,169.8464,59.94,87,83,9.71
173,Sawai Madhopur,IN,2022-01-04 23:52:39,25.9833,76.3667,60.08,47,98,1.95
174,San Patricio,US,2022-01-04 23:52:39,28.017,-97.5169,72.54,62,4,9.42
175,San Cristobal,VE,2022-01-04 23:52:39,7.7669,-72.225,71.78,88,96,2.17
176,Clarence Town,AU,2022-01-04 23:52:40,-32.5833,151.7833,79.86,84,84,5.32
177,Sao Joao Da Barra,BR,2022-01-04 23:52:40,-21.6403,-41.0511,76.5,87,90,23.0
178,Makakilo City,US,2022-01-04 23:52:40,21.3469,-158.0858,77.32,75,75,10.36
179,Leningradskiy,RU,2022-01-04 23:52:41,69.3833,178.4167,19.36,80,92,4.32
180,West Bay,KY,2022-01-04 23:52:41,19.3667,-81.4167,80.67,75,20,1.99
181,Ancud,CL,2022-01-04 23:52:41,-41.8697,-73.8203,60.42,73,50,8.1
182,Bodden Town,KY,2022-01-04 23:52:43,19.2833,-81.25,80.6,79,20,1.99
183,Port Elizabeth,ZA,2022-01-04 23:50:53,-33.918,25.5701,70.11,94,90,12.66
184,Yulara,AU,2022-01-04 23:51:53,-25.2406,130.9889,85.84,14,4,17.27
185,Sarvar,HU,2022-01-04 23:52:43,47.2539,16.9352,51.66,87,100,9.35
186,Beloha,MG,2022-01-04 23:52:43,-25.1667,45.05,73.02,89,47,13.82
187,Maliq,AL,2022-01-04 23:52:44,40.7058,20.6997,39.54,88,18,4.59
188,Kieta,PG,2022-01-04 23:52:44,-6.2167,155.6333,86.79,65,74,3.44
189,Ko Samui,TH,2022-01-04 23:52:44,9.5357,99.9357,80.4,74,99,6.38
190,San Jose,US,2022-01-04 23:52:43,37.3394,-121.895,62.89,74,75,5.75
191,Puerto Escondido,MX,2022-01-04 23:52:45,15.85,-97.0667,78.1,72,0,2.8
192,Dire,ML,2022-01-04 23:52:45,12.2833,-10.9667,73.06,24,6,1.7
193,Bethel,US,2022-01-04 23:52:46,41.3712,-73.414,30.76,64,1,4.61
194,Lakatoro,VU,2022-01-04 23:52:46,-16.0999,167.4164,85.19,72,100,9.89
195,Mar Del Plata,AR,2022-01-04 23:50:07,-38.0023,-57.5575,67.08,66,20,1.01
196,Anadyr,RU,2022-01-04 23:52:46,64.75,177.4833,12.7,92,0,2.24
197,Turbat,PK,2022-01-04 23:52:47,26.0023,63.044,63.1,85,38,3.89
198,Birjand,IR,2022-01-04 23:52:47,32.8663,59.2211,34.27,100,40,4.61
199,Longyearbyen,SJ,2022-01-04 23:52:47,78.2186,15.6401,-0.56,78,0,11.5
200,Bainbridge,US,2022-01-04 23:49:45,47.6262,-122.5212,42.85,88,90,1.01
201,Mago,RU,2022-01-04 23:52:48,53.2514,140.1822,-25.82,99,50,2.15
202,Cidreira,BR,2022-01-04 23:52:48,-30.1811,-50.2056,75.09,91,100,4.5
203,Kovur,IN,2022-01-04 23:52:48,14.4833,79.9833,68.58,80,83,2.42
204,Carnarvon,AU,2022-01-04 23:52:49,-24.8667,113.6333,80.67,78,38,11.5
205,Front Royal,US,2022-01-04 23:49:07,38.9182,-78.1944,29.77,84,46,4.45
206,Los Llanos De Aridane,ES,2022-01-04 23:52:49,28.6585,-17.9182,65.12,25,0,8.01
207,New Norfolk,AU,2022-01-04 23:52:49,-42.7826,147.0587,60.93,50,100,6.58
208,Vardo,NO,2022-01-04 23:52:50,70.3705,31.1107,16.0,78,100,23.29
209,Vila Velha,BR,2022-01-04 23:52:50,-20.3297,-40.2925,78.75,87,20,7.0
210,Azul,AR,2022-01-04 23:52:50,-36.777,-59.8585,69.35,31,0,19.04
211,Ponta Delgada,PT,2022-01-04 23:52:51,37.7333,-25.6667,56.12,71,20,2.3
212,Marshfield,US,2022-01-04 23:51:29,44.6689,-90.1718,29.64,69,1,12.66
213,Ornskoldsvik,SE,2022-01-04 23:52:51,63.2909,18.7153,25.75,100,90,6.91
214,Dikson,RU,2022-01-04 23:52:51,73.5069,80.5464,-20.7,97,100,21.03
215,Cianorte,BR,2022-01-04 23:52:52,-23.6633,-52.605,80.74,80,60,4.16
216,Mae Ramat,TH,2022-01-04 23:52:52,16.984,98.5166,62.92,87,1,0.6
217,Gat,IL,2022-01-04 23:49:01,31.61,34.7642,57.9,100,94,6.04
218,Mulanje,MW,2022-01-04 23:52:53,-16.0316,35.5,70.79,95,100,2.33
219,Seryshevo,RU,2022-01-04 23:52:53,51.0933,128.3786,-7.69,93,100,4.47
220,Boa Vista,BR,2022-01-04 23:52:53,2.8197,-60.6733,84.18,51,20,11.5
221,Kiama,AU,2022-01-04 23:52:53,-34.6833,150.8667,79.38,74,53,10.49
222,Souillac,MU,2022-01-04 23:52:54,-20.5167,57.5167,78.37,88,40,5.75
223,Port Lincoln,AU,2022-01-04 23:48:06,-34.7333,135.8667,64.18,62,75,18.7
224,Jiaozuo,CN,2022-01-04 23:52:54,35.2397,113.2331,31.68,96,96,1.39
225,Ilulissat,GL,2022-01-04 23:52:55,69.2167,-51.1,33.58,57,100,11.88
226,Tucupita,VE,2022-01-04 23:52:55,9.0622,-62.051,69.03,89,90,3.89
227,Harper,LR,2022-01-04 23:52:55,4.375,-7.7169,78.55,81,15,6.06
228,Provideniya,RU,2022-01-04 23:52:56,64.3833,-173.3,10.53,56,14,9.98
229,Bandar-E Lengeh,IR,2022-01-04 23:52:56,26.5579,54.8807,64.31,51,0,12.8
230,Zhangye,CN,2022-01-04 23:52:57,38.9342,100.4517,18.7,42,35,1.61
231,Steamboat Springs,US,2022-01-04 23:52:53,40.485,-106.8317,30.13,79,90,11.5
232,Hithadhoo,MV,2022-01-04 23:52:58,-0.6,73.0833,82.08,70,97,1.88
233,Huarmey,PE,2022-01-04 23:52:58,-10.0681,-78.1522,70.97,83,64,8.72
234,Fort Nelson,CA,2022-01-04 23:52:59,58.8053,-122.7002,-29.61,68,75,0.0
235,Maldonado,UY,2022-01-04 23:52:59,-34.6667,-54.9167,69.22,60,100,16.04
236,Cherskiy,RU,2022-01-04 23:52:59,68.75,161.3,4.33,98,99,7.02
237,Rio Claro,BR,2022-01-04 23:52:47,-22.4114,-47.5614,71.42,93,97,7.72
238,Skotterud,NO,2022-01-04 23:53:00,59.9828,12.1283,29.71,96,65,2.59
239,Erdenet,MN,2022-01-04 23:53:00,49.0333,104.0833,0.55,85,6,3.98
240,Salalah,OM,2022-01-04 23:53:00,17.0151,54.0924,69.85,67,12,14.14
241,Deogarh,IN,2022-01-04 23:53:01,21.5333,84.7333,56.08,70,1,0.76
242,Belmonte,BR,2022-01-04 23:53:01,-15.8631,-38.8828,79.3,86,95,5.84
243,Karratha,AU,2022-01-04 23:53:01,-20.7377,116.8463,90.18,49,33,5.08
244,Havoysund,NO,2022-01-04 23:53:02,70.9963,24.6622,14.88,89,100,20.62
245,Smithers,CA,2022-01-04 23:51:17,54.7804,-127.1743,-5.48,54,40,6.91
246,Henties Bay,NA,2022-01-04 23:53:02,-22.116,14.2845,61.86,94,40,0.72
247,Stornoway,GB,2022-01-04 23:53:03,58.2093,-6.3865,37.36,89,75,4.0
248,Leh,IN,2022-01-04 23:49:00,34.1667,77.5833,16.59,91,100,2.51
249,Bowen,AU,2022-01-04 23:53:03,-20.0167,148.2333,88.02,71,48,11.32
250,Flinders,AU,2022-01-04 23:53:03,-34.5833,150.8552,79.18,74,57,4.0
251,Vila Franca Do Campo,PT,2022-01-04 23:53:04,37.7167,-25.4333,55.81,72,49,5.91
252,Guna,IN,2022-01-04 23:53:04,24.65,77.3167,58.01,46,46,5.37
253,Itupiranga,BR,2022-01-04 23:53:04,-5.1347,-49.3267,79.12,95,36,1.83
254,Gao,ML,2022-01-04 23:53:05,16.6362,1.637,62.8,27,0,11.27
255,Port Hardy,CA,2022-01-04 23:53:05,50.6996,-127.4199,40.75,93,75,4.61
256,Sydney,AU,2022-01-04 23:48:28,-33.8679,151.2073,76.32,90,75,4.0
257,Chara,RU,2022-01-04 23:53:05,56.9064,118.2631,-17.25,78,14,1.86
258,Severo-Kurilsk,RU,2022-01-04 23:53:06,50.6789,156.125,25.63,73,45,8.05
259,Requena,ES,2022-01-04 23:53:06,39.4883,-1.1004,48.7,74,56,20.74
260,Qena,EG,2022-01-04 23:53:07,26.1615,32.7183,51.91,64,0,4.43
261,Toamasina,MG,2022-01-04 23:53:07,-18.1667,49.3833,77.0,94,40,4.61
262,Viransehir,TR,2022-01-04 23:53:07,37.2353,39.7631,37.13,57,30,4.41
263,Cabo San Lucas,MX,2022-01-04 23:49:38,22.8909,-109.9124,78.62,64,0,1.99
264,Elektrogorsk,RU,2022-01-04 23:53:08,55.8794,38.7919,17.35,96,93,7.0
265,Banda Aceh,ID,2022-01-04 23:53:08,5.5577,95.3222,76.96,79,99,6.4
266,Santa Fe,AR,2022-01-04 23:51:27,-31.6333,-60.7,81.0,45,22,1.99
267,Bam,IR,2022-01-04 23:53:08,29.106,58.357,49.1,64,0,4.0
268,Khatanga,RU,2022-01-04 23:53:09,71.9667,102.5,-26.16,85,26,16.71
269,Pombia,IT,2022-01-04 23:53:09,45.653,8.6336,46.35,96,90,1.14
270,Villa Rica,US,2022-01-04 23:53:09,33.7321,-84.9191,44.29,75,0,6.44
271,Taoudenni,ML,2022-01-04 23:53:10,22.6783,-3.9836,63.99,22,0,9.37
272,Rocha,UY,2022-01-04 23:53:10,-34.4833,-54.3333,69.3,61,99,18.25
273,Lira,UG,2022-01-04 23:53:10,2.235,32.9097,69.28,46,100,3.0
274,Lavrentiya,RU,2022-01-04 23:53:11,65.5833,-171.0,2.44,59,52,4.03
275,Peace River,CA,2022-01-04 23:50:40,56.2501,-117.286,-23.49,62,75,6.91
276,Hay River,CA,2022-01-04 23:53:12,60.8156,-115.7999,-31.02,68,40,4.61
277,Necochea,AR,2022-01-04 23:53:12,-38.5473,-58.7368,63.03,59,1,12.75
278,Husavik,IS,2022-01-04 23:53:13,66.0449,-17.3389,10.31,87,74,15.37
279,Iqaluit,CA,2022-01-04 23:53:13,63.7506,-68.5145,-0.31,77,75,11.01
280,Kruisfontein,ZA,2022-01-04 23:53:13,-34.0033,24.7314,67.89,95,29,8.63
281,Anshun,CN,2022-01-04 23:53:14,26.25,105.9333,44.78,92,100,3.67
282,Platikambos,GR,2022-01-04 23:53:14,39.6167,22.5333,46.65,85,3,1.63
283,Asau,RO,2022-01-04 23:53:14,46.4333,26.4,50.95,63,100,16.15
284,Sarai Sidhu,PK,2022-01-04 23:53:15,30.5949,71.9698,56.97,68,100,2.71
285,Mamlyutka,KZ,2022-01-04 23:53:15,54.9375,68.5394,-9.45,94,23,9.1
286,Ambovombe,MG,2022-01-04 23:53:15,-25.1667,46.0833,73.63,91,13,11.74
287,Ransang,PH,2022-01-04 23:53:16,8.9603,117.5828,76.82,84,99,1.61
288,Rudbar,AF,2022-01-04 23:53:16,30.15,62.6,52.54,73,19,6.49
289,Khrebtovaya,RU,2022-01-04 23:53:16,56.7032,104.2494,-0.24,98,86,3.69
290,Hasaki,JP,2022-01-04 23:53:17,35.7333,140.8333,37.29,42,1,19.57
291,Tvedestrand,NO,2022-01-04 23:53:17,58.622,8.9315,28.31,92,63,3.56
292,Phalodi,IN,2022-01-04 23:53:17,27.1333,72.3667,58.84,75,100,8.72
293,Ilinskiy,RU,2022-01-04 23:53:18,55.619,38.1182,21.78,86,75,8.95
294,Dolzhanskaya,RU,2022-01-04 23:53:18,46.6311,37.8039,36.91,93,89,10.02
295,Havre-Saint-Pierre,CA,2022-01-04 23:53:18,50.2334,-63.5986,12.79,77,20,8.05
296,Baruun-Urt,MN,2022-01-04 23:53:19,46.6806,113.2792,-1.41,85,6,5.86
297,High Level,CA,2022-01-04 23:50:09,58.5169,-117.136,-25.49,62,40,4.61
298,Takoradi,GH,2022-01-04 23:53:19,4.8845,-1.7554,80.47,80,67,4.72
299,Sao Felix Do Xingu,BR,2022-01-04 23:53:20,-6.6447,-51.995,71.46,98,92,0.87
300,Sur,OM,2022-01-04 23:53:20,22.5667,59.5289,71.04,79,92,10.27
301,Nouadhibou,MR,2022-01-04 23:53:20,20.931,-17.0347,67.98,52,100,14.97
302,Chicama,PE,2022-01-04 23:53:21,-7.8447,-79.1469,64.94,72,80,5.7
303,Thinadhoo,MV,2022-01-04 23:53:21,0.5333,72.9333,80.6,74,100,3.24
304,Kropotkin,RU,2022-01-04 23:53:21,45.4375,40.5756,40.19,86,91,5.95
305,Nikolskoye,RU,2022-01-04 23:53:22,59.7035,30.7861,33.87,99,100,5.57
306,Viseu,PT,2022-01-04 23:53:13,40.661,-7.9097,46.53,90,64,2.17
307,Novolugovoye,RU,2022-01-04 23:53:22,54.9792,83.1138,26.56,97,100,6.73
308,Pilar,BR,2022-01-04 23:53:22,-9.5972,-35.9567,76.93,76,90,5.99
309,Estepa,ES,2022-01-04 23:53:23,37.2926,-4.879,44.82,92,36,6.02
310,Korla,CN,2022-01-04 23:53:23,41.7597,86.1469,21.31,64,97,2.15
311,Ithaca,US,2022-01-04 23:51:45,42.4406,-76.4966,33.75,70,1,1.01
312,Dicabisagan,PH,2022-01-04 23:53:23,17.0818,122.4157,75.07,79,94,5.48
313,Richards Bay,ZA,2022-01-04 23:53:24,-28.783,32.0377,72.55,94,88,5.64
314,Mayor Pablo Lagerenza,PY,2022-01-04 23:53:24,-19.9309,-60.7718,83.55,70,58,6.62
315,Portland,US,2022-01-04 23:53:07,45.5234,-122.6762,46.45,94,90,1.01
316,Viedma,AR,2022-01-04 23:50:26,-40.8135,-62.9967,63.19,39,0,9.89
317,Christchurch,NZ,2022-01-04 23:53:20,-43.5333,172.6333,73.94,59,36,5.01
318,Morant Bay,JM,2022-01-04 23:53:25,17.8815,-76.4093,80.22,78,9,10.56
319,Zemio,CF,2022-01-04 23:53:25,5.0314,25.1361,69.78,42,77,1.39
320,Mnogovershinnyy,RU,2022-01-04 23:53:25,53.9353,139.9242,-15.05,80,1,5.95
321,Bialystok,PL,2022-01-04 23:51:01,53.1333,23.15,43.2,93,100,10.07
322,Noumea,NC,2022-01-04 23:53:27,-22.2763,166.4572,86.0,99,86,6.22
323,Saint George,US,2022-01-04 23:53:27,37.1041,-113.5841,49.35,44,75,1.01
324,Mangan,IN,2022-01-04 23:53:28,27.5167,88.5333,51.17,45,3,6.67
325,Gombong,ID,2022-01-04 23:53:28,-7.6072,109.5142,78.53,79,96,1.3
326,Beipiao,CN,2022-01-04 23:53:28,41.7919,120.7792,12.13,88,5,2.35
327,Aginskoye,RU,2022-01-04 23:53:29,51.1,114.53,-9.09,100,10,3.94
328,Yakeshi,CN,2022-01-04 23:53:29,49.2833,120.7333,-7.08,100,100,2.48
329,Waverley,ZA,2022-01-04 23:53:29,-25.7023,28.2591,70.23,76,91,5.97
330,Grindavik,IS,2022-01-04 23:53:30,63.8424,-22.4338,32.47,74,75,16.11
331,Shar,KZ,2022-01-04 23:53:30,49.5886,81.0453,29.34,95,100,11.52
332,Namatanai,PG,2022-01-04 23:53:30,-3.6667,152.4333,84.2,73,93,12.59
333,Itarema,BR,2022-01-04 23:53:30,-2.9248,-39.9167,79.5,84,81,12.91
334,Luderitz,NA,2022-01-04 23:53:31,-26.6481,15.1594,60.82,72,0,15.79
335,Westport,US,2022-01-04 23:52:26,41.1415,-73.3579,32.92,68,54,11.99
336,Bilma,NE,2022-01-04 23:53:31,18.6853,12.9164,57.54,39,59,8.5
337,Coahuayana,MX,2022-01-04 23:53:32,18.7333,-103.6833,81.14,63,0,4.23
338,Udachnyy,RU,2022-01-04 23:53:32,66.4167,112.4,-33.56,66,94,7.07
339,Kuzino,RU,2022-01-04 23:53:32,57.0224,59.4412,-3.32,96,100,10.13
340,Kahului,US,2022-01-04 23:53:32,20.8947,-156.47,82.42,70,40,13.8
341,Hamilton,US,2022-01-04 23:49:58,39.1834,-84.5333,41.63,65,1,1.99
342,Clyde River,CA,2022-01-04 23:53:33,70.4692,-68.5914,-3.77,84,100,29.93
343,Batemans Bay,AU,2022-01-04 23:53:33,-35.7167,150.1833,78.98,60,37,6.8
344,Tuktoyaktuk,CA,2022-01-04 23:53:34,69.4541,-133.0374,-23.8,69,20,6.91
345,Madimba,TZ,2022-01-04 23:53:34,-10.4,40.3333,79.36,83,100,6.06
346,Jilib,SO,2022-01-04 23:53:34,0.4883,42.7854,74.73,95,94,4.65
347,Bonavista,CA,2022-01-04 23:53:35,48.6499,-53.1147,19.11,70,100,32.01
348,Mitsamiouli,KM,2022-01-04 23:53:35,-11.3847,43.2844,82.26,71,100,5.12
349,Glace Bay,CA,2022-01-04 23:53:35,46.1969,-59.957,21.78,73,75,5.99
350,Yuma,US,2022-01-04 23:53:17,32.7253,-114.6244,66.36,21,20,4.61
351,Ballina,AU,2022-01-04 23:53:36,-28.8667,153.5667,77.18,98,75,16.11
352,Cururupu,BR,2022-01-04 23:53:36,-1.8283,-44.8683,76.44,88,74,2.84
353,Tevaitoa,PF,2022-01-04 23:53:37,-16.7833,-151.5,80.13,74,16,3.69
354,Palmer,US,2022-01-04 23:50:24,42.1584,-72.3287,29.57,61,40,3.0
355,Launceston,AU,2022-01-04 23:53:37,-41.45,147.1667,66.15,55,100,7.0
356,Ikalamavony,MG,2022-01-04 23:53:37,-21.15,46.5833,69.87,88,95,2.42
357,Partizanskoye,RU,2022-01-04 23:53:38,55.5006,94.39,7.84,87,74,3.0
358,Opunake,NZ,2022-01-04 23:53:38,-39.4556,173.8583,80.35,72,99,7.7
359,Torbay,CA,2022-01-04 23:53:38,47.6666,-52.7314,19.58,90,90,23.02
360,Labuhan,ID,2022-01-04 23:53:39,-6.8844,112.2051,78.66,81,100,6.85
361,Anjozorobe,MG,2022-01-04 23:53:39,-18.4,47.8667,66.52,93,98,2.26
362,Maler Kotla,IN,2022-01-04 23:53:39,30.5167,75.8833,56.12,57,100,4.27
363,Ambilobe,MG,2022-01-04 23:53:40,-13.2,49.05,75.45,93,83,2.37
364,Egvekinot,RU,2022-01-04 23:53:40,66.3167,-179.1667,4.96,91,100,1.79
365,Saquena,PE,2022-01-04 23:53:41,-4.6667,-73.5167,78.62,68,70,3.29
366,Suicheng,CN,2022-01-04 23:53:42,33.8963,117.9331,41.99,97,100,8.48
367,Vestmanna,FO,2022-01-04 23:53:42,62.1564,-7.1664,32.92,69,90,27.63
368,Bimbo,CF,2022-01-04 23:53:43,4.2567,18.4158,73.33,73,33,0.0
369,Lakkion,GR,2022-01-04 23:53:43,37.1333,26.85,62.02,75,100,15.68
370,Nenjiang,CN,2022-01-04 23:53:43,49.1833,125.2167,-2.43,93,100,6.78
371,Lorengau,PG,2022-01-04 23:53:44,-2.0226,147.2712,83.3,72,21,10.31
372,Saint-Pierre,RE,2022-01-04 23:53:44,-21.3393,55.4781,74.88,64,0,5.75
373,Soure,BR,2022-01-04 23:53:44,-0.7167,-48.5233,76.55,89,82,6.06
374,Grand-Santi,GF,2022-01-04 23:53:45,4.25,-54.3833,73.74,85,88,2.95
375,Baculin,PH,2022-01-04 23:53:45,7.4525,126.5842,77.88,87,100,7.81
376,Taltal,CL,2022-01-04 23:53:45,-25.4,-70.4833,67.32,76,8,3.22
377,Josanicka Banja,RS,2022-01-04 23:53:46,43.3895,20.7503,25.9,93,16,6.55
378,Tierra Colorada,MX,2022-01-04 23:53:46,17.1667,-99.5833,79.14,68,7,3.38
379,Tadine,NC,2022-01-04 23:53:46,-21.55,167.8833,81.79,75,100,15.32
380,Calama,CL,2022-01-04 23:53:47,-22.4667,-68.9333,63.63,31,0,12.57
381,Nyurba,RU,2022-01-04 23:53:47,63.2842,118.3319,-53.7,100,62,2.08
382,Miri,MY,2022-01-04 23:53:47,4.4148,114.0089,75.34,100,20,2.3
383,Montrose,US,2022-01-04 23:50:31,38.4166,-108.2673,32.34,82,99,6.73
384,Shubarkuduk,KZ,2022-01-04 23:53:48,49.1447,56.4872,29.26,97,100,17.0
385,Padang,ID,2022-01-04 23:53:48,-0.9492,100.3543,73.45,86,63,3.94
386,Buraydah,SA,2022-01-04 23:53:49,26.326,43.975,43.25,27,0,4.63
387,Severnyy,RU,2022-01-04 23:53:49,50.677,36.5532,23.04,100,90,4.47
388,Kaduna,NG,2022-01-04 23:53:49,10.5222,7.4383,63.84,40,69,9.04
389,Tangwani,PK,2022-01-04 23:53:50,28.2787,68.9972,57.13,89,100,8.95
390,Kutum,SD,2022-01-04 23:53:50,14.2,24.6667,53.33,32,42,6.67
391,San Quintin,MX,2022-01-04 23:53:50,30.4833,-115.95,59.72,72,49,15.46
392,Naberera,TZ,2022-01-04 23:53:51,-4.2,36.9333,63.59,77,100,9.48
393,Matagami,CA,2022-01-04 23:53:51,49.7502,-77.6328,-5.69,77,90,0.0
394,Ullapool,GB,2022-01-04 23:53:52,57.8987,-5.1604,38.95,84,100,19.48
395,Sabha,LY,2022-01-04 23:53:52,27.0377,14.4283,52.81,51,0,7.52
396,Linxia,CN,2022-01-04 23:53:52,35.6003,103.2064,25.3,54,3,2.51
397,Jaisalmer,IN,2022-01-04 23:53:52,26.9147,70.9181,57.16,82,100,12.39
398,Saldanha,ZA,2022-01-04 23:53:53,-33.0117,17.9442,59.05,86,0,6.8
399,Mursalimkino,RU,2022-01-04 23:53:53,55.0379,58.5585,-6.7,98,77,4.0
400,Huicheng,CN,2022-01-04 23:53:53,23.0385,116.2899,62.55,86,100,8.86
401,Manggar,ID,2022-01-04 23:53:54,-2.8833,108.2667,79.39,80,89,4.45
402,Athens,GR,2022-01-04 23:52:38,37.9795,23.7162,57.16,79,0,1.01
403,Berbera,SO,2022-01-04 23:53:54,10.4396,45.0143,77.32,76,7,3.69
404,Payson,US,2022-01-04 23:53:54,40.0444,-111.7321,39.4,75,90,8.05
405,Saint-Augustin,CA,2022-01-04 23:53:55,51.226,-58.6502,-0.72,80,50,11.3
406,Mantua,IT,2022-01-04 23:53:25,45.1667,10.7833,45.7,93,100,1.01
407,Cameta,BR,2022-01-04 23:48:57,-2.2444,-49.4958,75.87,91,75,5.01
408,Komsomolskoye,RU,2022-01-04 23:53:55,55.2567,47.5461,-8.28,100,45,2.44
409,Pinega,RU,2022-01-04 23:53:56,64.7001,43.3936,-21.44,100,64,2.19
410,Pacifica,US,2022-01-04 23:53:56,37.6138,-122.4869,62.4,93,90,3.0
411,Yelkhovka,RU,2022-01-04 23:53:56,53.8667,50.2832,-6.84,100,68,4.09
412,Kapit,MY,2022-01-04 23:53:57,2.0167,112.9333,74.95,98,92,1.07
413,Luena,AO,2022-01-04 23:53:58,-11.7833,19.9167,61.61,98,100,5.68
414,Muromtsevo,RU,2022-01-04 23:53:58,56.3724,75.2418,-2.96,92,76,8.7
415,Kapchorwa,UG,2022-01-04 23:53:59,1.3965,34.4509,59.85,57,95,4.43
416,Peniche,PT,2022-01-04 23:53:59,39.3558,-9.3811,55.92,80,18,17.27
417,Kargasok,RU,2022-01-04 23:54:00,59.0556,80.8572,6.08,92,93,10.09
418,Bambous Virieux,MU,2022-01-04 23:54:00,-20.3428,57.7575,78.22,88,40,5.75
419,Kamina,CD,2022-01-04 23:54:00,-8.7386,24.9906,64.0,99,100,4.61
420,Ambon,ID,2022-01-04 23:54:01,-3.6954,128.1814,82.54,78,40,2.3
421,Tshikapa,CD,2022-01-04 23:54:01,-6.4167,20.8,69.6,97,100,1.3
422,Peleduy,RU,2022-01-04 23:54:01,59.6289,112.7406,-10.26,99,100,1.23
423,Narsaq,GL,2022-01-04 23:54:01,60.9167,-46.05,27.21,95,100,11.56
424,Craig,US,2022-01-04 23:54:02,40.5153,-107.5464,29.82,92,99,0.81
425,Sembe,CG,2022-01-04 23:54:02,1.6481,14.5806,70.83,63,23,1.83
426,Bitam,GA,2022-01-04 23:54:03,2.076,11.5007,70.88,84,74,2.66
427,Meulaboh,ID,2022-01-04 23:54:03,4.1363,96.1285,73.89,90,98,4.0
428,Acapulco,MX,2022-01-04 23:52:28,16.8634,-99.8901,80.6,74,2,5.28
429,Bac Lieu,VN,2022-01-04 23:54:03,9.285,105.7244,77.07,83,84,11.23
430,Nanpiao,CN,2022-01-04 23:54:04,41.0982,120.7479,15.82,89,6,0.43
431,Laramie,US,2022-01-04 23:51:38,41.3114,-105.5911,27.36,68,90,8.99
432,Naze,JP,2022-01-04 23:54:04,28.3667,129.4833,50.92,63,59,3.69
433,Goure,NE,2022-01-04 23:54:04,13.9835,10.2704,64.02,40,79,10.0
434,Dolores,AR,2022-01-04 23:54:05,-36.3132,-57.6792,67.84,33,89,18.95
435,Pori,FI,2022-01-04 23:54:05,61.4833,21.7833,32.07,93,90,9.22
436,Lena,ES,2022-01-04 23:54:05,43.1,-5.7333,37.74,96,95,6.87
437,Hailey,US,2022-01-04 23:54:06,43.5196,-114.3153,26.46,74,75,10.36
438,Orbetello,IT,2022-01-04 23:54:06,42.4408,11.2196,57.22,100,41,2.3
439,Merrill,US,2022-01-04 23:49:37,45.1805,-89.6835,27.59,78,1,0.0
440,Alice Springs,AU,2022-01-04 23:54:06,-23.7,133.8833,85.55,12,0,11.5
441,Utinga,BR,2022-01-04 23:54:07,-5.8172,-35.3954,83.25,74,20,14.97
442,Rosetta,EG,2022-01-04 23:54:07,31.4044,30.4164,55.22,71,0,8.59
443,Utmanzai,PK,2022-01-04 23:54:07,34.188,71.7629,48.81,89,100,3.53
444,Churapcha,RU,2022-01-04 23:54:08,62.0025,132.4325,-48.19,100,93,1.61
445,Tazovskiy,RU,2022-01-04 23:54:08,67.4667,78.7,-3.66,91,73,16.42
446,Suksun,RU,2022-01-04 23:54:08,57.1431,57.3949,-7.67,98,80,9.19
447,Gerash,IR,2022-01-04 23:54:09,27.6652,54.1371,47.41,65,0,3.15
448,Sitka,US,2022-01-04 23:54:09,57.0531,-135.33,7.56,84,99,9.31
449,Innisfail,AU,2022-01-04 23:50:06,-17.5333,146.0333,97.88,43,25,2.86
450,Seguela,CI,2022-01-04 23:54:09,7.9611,-6.6731,77.23,35,32,2.3
451,Batyrevo,RU,2022-01-04 23:54:10,55.0675,47.6111,-7.28,100,38,2.35
452,Samarai,PG,2022-01-04 23:54:10,-10.6167,150.6667,84.63,69,87,2.1
453,North Bend,US,2022-01-04 23:54:11,43.4065,-124.2243,47.88,100,90,10.36
454,Saint-Paul,RE,2022-01-04 23:50:37,-21.0096,55.2707,75.31,82,34,0.45
455,Sinnamary,GF,2022-01-04 23:54:11,5.3833,-52.95,76.51,85,75,8.79
456,Kaeo,NZ,2022-01-04 23:54:11,-35.1,173.7833,84.33,55,39,4.94
457,Grand Gaube,MU,2022-01-04 23:54:12,-20.0064,57.6608,78.39,77,44,4.0
458,Belyy Yar,RU,2022-01-04 23:54:12,53.6039,91.3903,3.09,85,100,0.0
459,Novozybkov,RU,2022-01-04 23:54:12,52.5396,31.9275,35.33,97,100,14.18
460,Camiri,BO,2022-01-04 23:54:14,-20.05,-63.5167,71.38,88,90,3.44
461,Chumikan,RU,2022-01-04 23:54:14,54.7183,135.315,-17.19,84,4,20.67
462,Coihaique,CL,2022-01-04 23:54:14,-45.5752,-72.0662,57.15,51,75,5.75
463,Pimentel,PE,2022-01-04 23:54:15,-6.8367,-79.9342,73.69,68,0,18.41
464,Marystown,CA,2022-01-04 23:54:15,47.1666,-55.1483,17.85,100,91,7.0
465,Neftcala,AZ,2022-01-04 23:54:15,39.3742,49.2472,46.15,46,100,9.55
466,Derbent,RU,2022-01-04 23:54:15,42.0678,48.2899,45.39,85,100,8.72
467,Tuy Hoa,VN,2022-01-04 23:50:54,13.0833,109.3,71.74,92,61,4.29
468,Komsomolskiy,UZ,2022-01-04 23:54:16,40.4272,71.7189,38.12,81,40,2.3
469,Bartow,US,2022-01-04 23:54:16,27.8964,-81.8431,68.59,75,1,1.99
470,Lumphat,KH,2022-01-04 23:54:17,13.4878,106.9816,68.52,87,21,3.98
471,Manzhouli,CN,2022-01-04 23:54:17,49.6,117.4333,-6.7,97,11,5.39
472,Gambo,CF,2022-01-04 23:54:17,4.6482,22.2633,74.97,41,67,1.68
473,Svetlogorsk,BY,2022-01-04 23:54:18,52.6333,29.7333,36.88,97,100,14.99
474,Sao Luis,BR,2022-01-04 23:54:18,-2.5297,-44.3028,82.6,89,20,6.91
475,Cabatuan,PH,2022-01-04 23:54:18,10.8794,122.486,76.01,86,68,13.44
476,Natal,BR,2022-01-04 23:54:06,-5.795,-35.2094,83.05,78,40,11.5
477,Saryg-Sep,RU,2022-01-04 23:54:19,51.5,95.6,-15.09,99,57,2.66
478,Sovetskiy,RU,2022-01-04 23:54:19,61.3614,63.5842,-1.62,87,66,8.43
479,Rameshki,RU,2022-01-04 23:54:19,57.3439,36.0453,21.04,96,100,8.28
480,Bengkulu,ID,2022-01-04 23:54:20,-3.8004,102.2655,74.93,88,81,3.42
481,Yuksekova,TR,2022-01-04 23:54:20,37.5736,44.2872,18.23,99,97,2.62
482,Ixtapa,MX,2022-01-04 23:54:20,20.7,-105.2,77.23,81,1,4.0
483,Hit,IQ,2022-01-04 23:54:21,33.6416,42.8251,52.05,28,80,6.67
484,Progreso,MX,2022-01-04 23:54:21,21.2833,-89.6667,74.1,67,81,10.16
485,Chauk,MM,2022-01-04 23:54:22,20.8833,94.8167,61.23,70,0,5.77
486,Dargaville,NZ,2022-01-04 23:54:22,-35.9333,173.8833,76.42,53,58,9.1
487,Aksu,CN,2022-01-04 23:54:22,41.1231,80.2644,21.38,60,84,2.64
488,Bourail,NC,2022-01-04 23:54:23,-21.5667,165.4833,84.47,70,59,1.25
489,Waddan,LY,2022-01-04 23:54:23,29.1614,16.139,54.37,52,0,5.64
490,Half Moon Bay,US,2022-01-04 23:54:23,37.4636,-122.4286,62.58,88,90,4.61
491,Mutsu,JP,2022-01-04 23:54:24,41.2894,141.2169,21.52,64,50,15.68
492,Kholodnyy,RU,2022-01-04 23:54:24,62.7167,147.95,-12.86,99,100,1.28
493,Bail Hongal,IN,2022-01-04 23:54:24,15.8167,74.8667,62.47,60,37,4.68
494,Collie,AU,2022-01-04 23:54:25,-33.3667,116.15,65.98,55,0,12.08
495,Katsuura,JP,2022-01-04 23:54:25,35.1333,140.3,44.19,44,41,18.9
496,Karpathos,GR,2022-01-04 23:54:26,35.507,27.2132,62.56,67,4,5.75
497,Koygorodok,RU,2022-01-04 23:54:26,60.445,50.9968,-17.39,99,76,3.62
498,Khandyga,RU,2022-01-04 23:54:26,62.6667,135.6,-51.02,98,33,2.13
499,Verkhoturye,RU,2022-01-04 23:54:27,58.8627,60.8054,3.49,78,95,11.32
500,Dingle,PH,2022-01-04 23:54:27,10.9995,122.6711,76.19,87,60,10.78
501,Englewood,US,2022-01-04 23:54:27,39.6478,-104.9878,43.63,37,54,4.21
502,Ostrovnoy,RU,2022-01-04 23:54:28,68.0531,39.5131,-1.3,98,100,10.13
503,Auki,SB,2022-01-04 23:54:28,-8.7676,160.7034,83.23,76,91,8.75
504,Muros,ES,2022-01-04 23:54:28,42.7762,-9.0603,51.24,95,54,5.73
505,Dubna,RU,2022-01-04 23:54:29,56.7333,37.1667,18.93,95,95,8.55
506,Marawi,PH,2022-01-04 23:54:29,7.9986,124.2928,68.65,91,100,2.44
507,Ulagan,RU,2022-01-04 23:54:30,50.6321,87.9563,12.51,83,100,3.24
508,Doka,SD,2022-01-04 23:54:30,13.5167,35.7667,69.91,37,12,11.3
509,Hommelvik,NO,2022-01-04 23:54:31,63.4108,10.7942,25.59,90,75,3.44
510,Burnie,AU,2022-01-04 23:54:31,-41.0667,145.9167,65.77,58,100,12.24
511,Muisne,EC,2022-01-04 23:54:31,0.6,-80.0333,74.91,84,89,6.91
512,Srednekolymsk,RU,2022-01-04 23:54:32,67.45,153.6833,-13.36,99,100,3.06
513,Vredendal,ZA,2022-01-04 23:54:32,-31.6683,18.5012,61.3,81,0,9.95
514,Port Blair,IN,2022-01-04 23:54:32,11.6667,92.75,78.35,75,92,7.11
515,Kuragino,RU,2022-01-04 23:54:33,53.8975,92.6725,3.87,92,93,2.24
516,Portree,GB,2022-01-04 23:54:33,57.4129,-6.1942,39.85,85,82,15.03
517,Rajura,IN,2022-01-04 23:54:33,19.7833,79.3667,61.27,55,8,2.15
518,Rabo De Peixe,PT,2022-01-04 23:54:34,37.8,-25.5833,54.91,98,20,2.3
519,Puerto Baquerizo Moreno,EC,2022-01-04 23:54:34,-0.9,-89.6,72.59,88,75,14.97
520,Xuddur,SO,2022-01-04 23:54:34,4.1213,43.8894,73.44,78,92,12.93
521,Miles City,US,2022-01-04 23:54:35,46.4083,-105.8406,-2.49,81,64,16.58
522,Marshall,US,2022-01-04 23:52:07,34.3834,-86.3333,48.51,75,1,5.75
523,Hengshui,CN,2022-01-04 23:54:35,37.7322,115.7011,30.25,62,100,4.56
524,Svetlyy,RU,2022-01-04 23:54:35,54.675,20.1347,42.85,88,100,21.45
525,Ulaanbaatar,MN,2022-01-04 23:54:36,47.9077,106.8832,2.95,80,4,3.74
526,Vetapalem,IN,2022-01-04 23:54:36,15.7833,80.3167,69.3,78,57,5.77
527,Santa Cruz,BO,2022-01-04 23:50:47,-17.8,-63.1667,84.25,70,75,11.5
528,Vitim,RU,2022-01-04 23:54:36,59.4511,112.5578,-9.09,98,100,1.81
529,Quelimane,MZ,2022-01-04 23:54:37,-17.8786,36.8883,76.59,84,95,2.57
530,Mtama,TZ,2022-01-04 23:54:37,-10.3,39.3667,71.83,99,100,1.25
531,Mastic Beach,US,2022-01-04 23:54:37,40.7668,-72.8521,33.13,69,1,1.99
532,Irbil,IQ,2022-01-04 23:54:38,36.1926,44.0106,44.42,100,75,3.44
533,Bichura,RU,2022-01-04 23:54:38,50.5881,107.6022,-0.54,91,15,2.24
534,Fare,PF,2022-01-04 23:54:38,-16.7,-151.0167,80.83,69,23,3.18
535,Marsa Matruh,EG,2022-01-04 23:54:39,31.3525,27.2453,55.6,71,0,9.22
536,Constitucion,CL,2022-01-04 23:54:39,-35.3333,-72.4167,60.64,76,7,14.94
537,Lovrenc Na Pohorju,SI,2022-01-04 23:54:39,46.5406,15.3931,52.48,75,100,8.01
538,Port Hueneme,US,2022-01-04 23:54:38,34.1478,-119.1951,69.01,53,1,4.61
539,Pangai,TO,2022-01-04 23:54:40,-19.8,-174.35,82.51,74,90,11.5
540,Graham,US,2022-01-04 23:54:40,47.0529,-122.2943,40.98,86,90,0.0
541,Asyut,EG,2022-01-04 23:50:34,27.181,31.1837,51.98,62,0,5.91
542,Touros,BR,2022-01-04 23:54:41,-5.1989,-35.4608,83.3,76,8,15.41
543,Porto Murtinho,BR,2022-01-04 23:54:41,-21.6989,-57.8825,83.86,60,57,3.42
544,Teguldet,RU,2022-01-04 23:54:41,57.3064,88.1667,28.72,90,100,9.4
545,Trincomalee,LK,2022-01-04 23:54:42,8.5711,81.2335,77.61,83,82,10.69
546,Darab,IR,2022-01-04 23:54:42,28.7519,54.5444,46.85,60,0,1.21
547,Olafsvik,IS,2022-01-04 23:54:42,64.8945,-23.7142,31.5,70,100,15.28
548,Idanre,NG,2022-01-04 23:54:43,7.1127,5.1159,70.16,45,100,2.04
549,Vangaindrano,MG,2022-01-04 23:54:43,-23.35,47.6,74.84,93,73,2.13
550,Yantarnyy,RU,2022-01-04 23:54:43,54.8717,19.9381,42.66,91,100,25.43
551,Venice,US,2022-01-04 23:54:43,27.0998,-82.4543,69.98,86,1,6.91
552,Avera,US,2022-01-04 23:54:44,33.194,-82.5271,47.75,69,17,6.71
553,Bertoua,CM,2022-01-04 23:54:44,4.5833,13.6833,69.57,38,49,3.33
554,Olenino,RU,2022-01-04 23:54:44,56.2092,33.4889,32.04,96,100,8.84
555,San Calixto,CO,2022-01-04 23:54:45,8.4021,-73.2074,57.65,94,99,3.0
556,Lesozavodsk,RU,2022-01-04 23:54:46,45.4794,133.4244,-12.75,96,9,5.26
557,La Ronge,CA,2022-01-04 23:54:46,55.1001,-105.2842,-19.95,63,90,9.22
558,Bucerias,MX,2022-01-04 23:50:31,20.75,-105.3333,77.99,81,0,4.21
559,Marsh Harbour,BS,2022-01-04 23:54:47,26.5412,-77.0636,71.8,67,70,9.33
560,Giyani,ZA,2022-01-04 23:54:47,-23.3025,30.7187,75.38,64,46,3.13
561,Bhabua,IN,2022-01-04 23:54:48,25.05,83.6167,53.17,57,1,1.77
562,Kalamazoo,US,2022-01-04 23:54:48,42.2506,-85.55,32.56,72,100,16.31
563,Altay,CN,2022-01-04 23:54:48,47.8667,88.1167,19.58,63,98,6.51
564,Merauke,ID,2022-01-04 23:51:57,-8.4667,140.3333,77.67,91,100,12.86
565,Hambantota,LK,2022-01-04 23:54:49,6.1241,81.1185,74.64,88,90,6.62
566,Kedrovyy,RU,2022-01-04 23:54:49,56.1667,91.8167,25.21,77,100,7.47
567,Irtyshskiy,RU,2022-01-04 23:54:49,58.3333,68.1333,2.17,93,100,11.05
568,Phanat Nikhom,TH,2022-01-04 23:54:50,13.4458,101.1844,75.9,99,94,4.47
569,Mugur-Aksy,RU,2022-01-04 23:54:50,50.35,90.5,2.77,68,96,6.87
570,Pella,RU,2022-01-04 23:54:51,59.7775,30.8181,34.03,99,100,5.66
571,Cervo,ES,2022-01-04 23:54:51,43.6702,-7.4101,49.96,73,87,4.97
572,Traverse City,US,2022-01-04 23:54:51,44.7631,-85.6206,33.35,65,100,12.62
573,Hernani,ES,2022-01-04 23:53:59,43.2662,-1.9762,52.92,75,75,7.0
574,Aklavik,CA,2022-01-04 23:54:52,68.2191,-135.0107,-21.17,75,20,6.91
575,Jiexiu,CN,2022-01-04 23:54:52,37.0244,111.9125,28.63,52,62,1.34
576,Jiangkou,CN,2022-01-04 23:51:31,25.4872,119.1986,57.09,86,96,3.22
577,Sampit,ID,2022-01-04 23:54:53,-2.5333,112.95,76.3,92,85,0.56
578,Moron,AR,2022-01-04 23:54:53,-34.6534,-58.6198,78.49,43,88,11.01
